{"cameraMode":{"drawMode":0,"name":"Shaded","section":"Shading Mode"},"sceneLighting":true,"audioPlay":false,"sceneViewState":{"showFog":true,"showMaterialUpdate":true,"showSkybox":true,"showFlares":true,"showImageEffects":true,"showParticleSystems":true},"in2DMode":false,"pivot":{"x":339.91448974609377,"y":71.81998443603516,"z":-140.6225128173828},"rotation":{"x":-0.006306701339781284,"y":-0.03089798055589199,"z":0.00019392534159123898,"w":-0.9995075464248657},"size":184.9562530517578,"orthographic":false}