{"cameraMode":{"drawMode":0,"name":"Shaded","section":"Shading Mode"},"sceneLighting":true,"audioPlay":false,"sceneViewState":{"showFog":true,"showMaterialUpdate":true,"showSkybox":true,"showFlares":true,"showImageEffects":true,"showParticleSystems":true},"in2DMode":false,"pivot":{"x":82.5494613647461,"y":1.481764793395996,"z":-6.552555561065674},"rotation":{"x":-0.09868543595075607,"y":0.09597355127334595,"z":-0.009576541371643544,"w":-0.9904552698135376},"size":6.31620979309082,"orthographic":false}