{"cameraMode":{"drawMode":0,"name":"Shaded","section":"Shading Mode"},"sceneLighting":true,"audioPlay":false,"sceneViewState":{"showFog":true,"showMaterialUpdate":true,"showSkybox":true,"showFlares":true,"showImageEffects":true,"showParticleSystems":true},"in2DMode":false,"pivot":{"x":83.4143295288086,"y":-7.717978477478027,"z":5.428808689117432},"rotation":{"x":-0.15419335663318635,"y":0.00503522576764226,"z":-0.0007986893760971725,"w":-0.9880471229553223},"size":2.583416223526001,"orthographic":false}